user_id,user_name,password,name,email,address,telephone,profile_picture
100000001,rabbit,15f4e4d956d09faeddc94813a96e7236,Michael Harden,rabbit74923@yahoo.com,"284 241th Street,New York,NY",4894834292,http://www.geek.com/wp-content/uploads/2010/07/Scott-Forstall-Executive-profile-image.jpg
100000002,airplane,fcfe8c3cb5f56902eb89e33281c69c8a,Kim Hazelwood,airplane432@gmail.com,"412 132th  Street,New York,NY",6918736481,http://www.technologyreview.com/sites/default/files/legacy/hazelwood_x600_crop.jpg
100000003,USB,e7db3f94c7e0735c8986a31bd409cc63,Jeff Bezos,USB50243@163.com,"21 83th Street Street,New York,NY",1424792732,http://cdn.geekwire.com/wp-content/uploads/Jeff_Bezos.jpeg
100000004,prynt_cp,7d277f6e0d1a138fb679ab1abe258f0d,Clement Perrot,EE63563@icloud.com,"81 182th Street,New York,NY",7019513243,https://media.licdn.com/mpr/mpr/shrink_200_200/p/7/000/21b/020/03e7edb.jpg
100000005,aloha,eb37d568ebf35cbf4652486b6523e8af,Tracy Swift,aloha42893@sohu.com,"19 54th Street,New York,NY",8903453276,https://media.licdn.com/mpr/mpr/shrink_200_200/p/5/005/038/3fb/32d69fa.jpg
100000006,titanic,a03a6006621e7e54f08fe6ae04bf1d02,Lina James,titanic79438@gmail.com,"211 202th Street,New York,NY",1347923743,https://media.licdn.com/mpr/mpr/shrink_200_200/p/3/000/06b/066/0e44a6f.jpg
100000007,wakawaka,b17303524b6294399aa18febbbba84e6,Rajan Howard,wakawaka47831@gmail.com,"82 109th Street,New York,NY",8287398427,http://www.bleedphilly.com/.a/6a017d3bd5738f970c01b8d09383e9970c-pi
100000008,scarsdale,7ba4aa25415f2b4ba2883cccceedc468,Damian Bird,scarsdale9012@yahoo.com,"281 Canal Street,New York,NY",9673415323,http://static.guim.co.uk/sys-images/Media/Pix/pictures/2013/2/15/1360941612201/Damian-Kavanagh-008.jpg
100000009,cocktail,c5ea470f8e832da0c082da16ef8c34bd,Walt Disney,cocktail10292@icloud.com,"173 Jenny Street,New York,NY",7196981724,http://ia.media-imdb.com/images/M/MV5BMjIxMTUyNjc5OF5BMl5BanBnXkFtZTcwMjMwNjYwNA@@._V1_SX640_SY720_.jpg
100000010,s4s,0df002c2b0ebeed45346ebf87d640cda,Diana Prince,s4s52983@sohu.com,"16 108th Street,New York,NY",2798372981,https://dvdbash.files.wordpress.com/2012/05/wonder_woman_lynda_carter_dvdbash_a.jpg